scenario,chunk,num_workers,n_bytes,elapsed_s,mpix_s,mb_s
wide,512,11,1216132896,62.79,9.6848,19.37
wide,512,32,1216132896,63.73,9.5412,19.08
wide,2048,11,1216132896,8.35,72.804,145.61
wide,2048,32,1216132896,8.44,72.0137,144.03
wide,7168,11,1216132896,2.83,215.1567,430.31
wide,7168,32,1216132896,2.75,221.4289,442.86
deep,512,11,382426200,25.18,7.5927,15.19
deep,512,32,382426200,25.64,7.4573,14.91
deep,2048,11,382426200,3.43,55.6724,111.34
deep,2048,32,382426200,3.38,56.5961,113.19
deep,7168,11,382426200,1.72,111.2468,222.49
deep,7168,32,382426200,1.62,118.0675,236.14
