scenario,chunk,num_workers,n_bytes,elapsed_s,mpix_s,mb_s,timed_out,completed_tasks,total_tasks
wide,512,11,5993630640,37.39,80.1408,160.28,False,11781,11781
wide,512,32,5993630640,35.52,84.3731,168.75,False,11781,11781
wide,2048,11,5993630640,9.55,313.8556,627.71,False,843,843
wide,2048,32,5993630640,9.6,312.3261,624.65,False,843,843
wide,7168,11,5993630640,8.63,347.144,694.29,False,111,111
wide,7168,32,5993630640,11.25,266.3294,532.66,False,111,111
deep,512,11,9403711200,45.96,102.2922,204.58,False,18921,18921
deep,512,32,9403711200,53.88,87.2632,174.53,False,18921,18921
deep,2048,11,9403711200,13.48,348.8113,697.62,False,1449,1449
deep,2048,32,9403711200,18.92,248.5393,497.08,False,1449,1449
deep,7168,11,9403711200,13.68,343.5792,687.16,False,201,201
deep,7168,32,9403711200,23.06,203.8635,407.73,False,201,201
